ID,Name,CarOwner
1,Kirk Delaney,False
2,Lawrence Weaver,True
3,Hadassah Burch,True
4,Benedict Park,False
5,Daria Carlson,False
6,Cullen Meyer,False
7,Cathleen Moreno,True
8,Oleg Payne,True
9,Ciaran Snider,False
10,Vladimir Dickson,False
11,Erich Swanson,True
12,Aurora Vaughn,True
13,Brandon Lott,True
14,Clark Mccarthy,True
15,TaShya Jordan,False
16,Natalie Knox,False
17,Shellie Reed,False
18,Casey Gilbert,False
19,Holmes Horne,False
20,Hannah Williams,False
21,Rigel Lambert,True
22,Lavinia Macdonald,False
23,Yuri Travis,False
24,Eagan Simpson,True
25,Jonah Livingston,False
26,Tate French,True
27,Neil Aguirre,False
28,Melinda Hopkins,True
29,Sawyer Pruitt,False
30,Magee Ball,True
31,Wilma Stanton,True
32,Burke Buck,False
33,Oren Britt,False
34,Wang Ingram,True
35,Davis Morton,True
36,Ralph Collier,True
37,Kim Burks,False
38,Xanthus Joyce,False
39,Zorita Cote,False
40,Akeem Mitchell,True
41,Rina Moses,True
42,Lilah Carney,False
43,Lewis Burch,False
44,Ulysses Russell,False
45,Amelia Richards,True
46,Christen Holt,True
47,Brock Mcintyre,False
48,Michael Turner,False
49,Jeremy Pace,True
50,Jolene Holder,False
51,Ramona Hogan,False
52,Lucas Drake,False
53,Angelica Holmes,False
54,Erica Howard,False
55,Erin Gilmore,True
56,Anika Dotson,True
57,Samantha Spencer,True
58,Dylan Bush,False
59,Nadine Solis,True
60,Sylvia York,False
61,Abbot Gilmore,True
62,Timon Lindsay,True
63,Sandra Farrell,False
64,Josiah Copeland,True
65,Felix Clemons,False
66,Bruno Paul,False
67,Galvin Ortiz,True
68,Zachery Merritt,True
69,Addison Franco,True
70,Sacha Turner,True
71,Doris Golden,True
72,Arsenio Valdez,False
73,Kirsten Ashley,True
74,Galena Moses,False
75,Fritz Rivas,True
76,Dieter Estrada,False
77,Hollee Dillon,True
78,Branden Hoffman,False
79,Freya Odonnell,True
80,Deborah Rhodes,False
81,Guy Shaffer,False
82,Kato Albert,False
83,Montana Smith,False
84,Iliana Roman,True
85,Zachary Armstrong,False
86,Camden Kirkland,True
87,Lee Hewitt,False
88,Amber Kinney,True
89,Ivor Holloway,False
90,Zephr Ball,True
91,Vladimir Whitley,False
92,Adria Thornton,False
93,Brendan Mckay,True
94,Omar Clark,True
95,Reagan Reese,True
96,Zia Salinas,True
97,Jameson Joyner,True
98,Germaine Miller,False
99,Scott Durham,False
100,Mariam Goodman,False